{"gold":25.31124170933461,"oil":39.43247148355244,"iron":14.4611030209185,"coal":8.117589276783374,"wood":3.481377181318391,"food":10.102383877300065}