{"gold":22.11525258682141,"oil":30.537239301473637,"iron":14.608813467141609,"coal":8.05708339232507,"wood":3.484703297160615,"food":8.823156704711337}